<?xml version="1.0" encoding="UTF-8"?>
<beans xmlns="http://www.springframework.org/schema/beans"
	xmlns:xsi="http://www.w3.org/2001/XMLSchema-instance" xmlns:context="http://www.springframework.org/schema/context"
	xmlns:aop="http://www.springframework.org/schema/aop" xmlns:tx="http://www.springframework.org/schema/tx"
	xmlns:p="http://www.springframework.org/schema/p"
	xsi:schemaLocation="http://www.springframework.org/schema/beans
         http://www.springframework.org/schema/beans/spring-beans-3.0.xsd
         http://www.springframework.org/schema/context
         http://www.springframework.org/schema/context/spring-context-3.0.xsd
         http://www.springframework.org/schema/tx
     	 http://www.springframework.org/schema/tx/spring-tx-3.0.xsd
         http://www.springframework.org/schema/aop 
         http://www.springframework.org/schema/aop/spring-aop-3.0.xsd">
	
	<context:annotation-config />
	<context:component-scan base-package="com.ds" />

	<bean id="dataSource" class="org.apache.commons.dbcp.BasicDataSource"
		destroy-method="close">
		<property name="driverClassName" value="${jdbc.driverClassName}" />
		<property name="url" value="${jdbc.url}" />
		<property name="username" value="${jdbc.username}" />
		<property name="password" value="${jdbc.password}" />
		<property name="maxActive" value="100"></property>
		<property name="minIdle" value="20"></property>
		<property name="maxWait" value="3000"></property>
		<property name="initialSize" value="30"></property>
	</bean>

	<context:property-placeholder location="classpath*:jdbc.properties" />

	<bean id="sessionFactory"
		class="org.springframework.orm.hibernate3.annotation.AnnotationSessionFactoryBean">
		<property name="dataSource" ref="dataSource" />
		<property name="packagesToScan">
			<list>
				<value>com.ds</value>
			</list>
		</property>
		<!-- 
		<property name="annotatedClasses">
			<list>
				<value>com.ibaiyun.pojo.Member</value>
			</list>
		</property>
		 -->
		<property name="hibernateProperties">
			<value>
				hibernate.dialect=org.hibernate.dialect.MySQLDialect
				hibernate.show_sql=true
				hibernate.jdbc.batch_size=50
				<!--
				hibernate.cache.use_second_level_cache=true
				hibernate.cache.region.factory_class=org.hibernate.cache.ehcache.EhCacheRegionFactory
				hibernate.cache.use_query_cache=true
				-->
				<!--  -->hibernate.hbm2ddl.auto=update
			</value>
		</property>
	</bean>
 
 
	<bean id="hibernateTemplate" class="org.springframework.orm.hibernate3.HibernateTemplate">
		<property name="sessionFactory" ref="sessionFactory"></property>
	</bean>
	
	
	<bean id="txManager"
		class="org.springframework.orm.hibernate3.HibernateTransactionManager">
		<property name="sessionFactory" ref="sessionFactory" />
	</bean>

	<aop:config>
		<aop:pointcut id="businessService"
			expression="execution(* com.ds.service.*.*(..))"/>
		<aop:advisor advice-ref="txAdvice" pointcut-ref="businessService" />


	</aop:config>

	<tx:advice id="txAdvice" transaction-manager="txManager">
		<!-- the transactional semantics... -->
		<tx:attributes>
			<!-- all methods starting with '*' are read-only -->
			<tx:method name="*" propagation="SUPPORTS" read-only="false" />
			<!-- other methods use the default transaction settings (see below) -->
			<tx:method name="add*" propagation="REQUIRED" />
			<tx:method name="save*" propagation="REQUIRED" />
			<tx:method name="update*" propagation="REQUIRED" />
			<tx:method name="delete*" propagation="REQUIRED" />
			<tx:method name="create*" propagation="REQUIRED" />
			
		</tx:attributes>
	</tx:advice>

		
</beans>