<?xml version="1.0" encoding="UTF-8"?>
<beans xmlns="http://www.springframework.org/schema/beans"
	xmlns:xsi="http://www.w3.org/2001/XMLSchema-instance" xmlns:p="http://www.springframework.org/schema/p"
	xmlns:context="http://www.springframework.org/schema/context"
	xmlns:mvc="http://www.springframework.org/schema/mvc"
	xsi:schemaLocation="
			http://www.springframework.org/schema/beans  
            http://www.springframework.org/schema/beans/spring-beans-3.0.xsd  
            http://www.springframework.org/schema/context   
            http://www.springframework.org/schema/context/spring-context-3.0.xsd  
            http://www.springframework.org/schema/aop   
            http://www.springframework.org/schema/aop/spring-aop-3.0.xsd  
            http://www.springframework.org/schema/tx   
            http://www.springframework.org/schema/tx/spring-tx-3.0.xsd  
            http://www.springframework.org/schema/mvc   
            http://www.springframework.org/schema/mvc/spring-mvc-3.0.xsd  
            http://www.springframework.org/schema/context   
            http://www.springframework.org/schema/context/spring-context-3.0.xsd">  
	<context:component-scan base-package="com.ds.controller" />
	<!-- 完成请求和注解POJO的映射 -->
	<bean
		class="org.springframework.web.servlet.mvc.annotation.AnnotationMethodHandlerAdapter" />

	<bean
		class="org.springframework.web.servlet.mvc.method.annotation.RequestMappingHandlerAdapter">
		<property name="messageConverters">
			<list>
				<bean
					class="org.springframework.http.converter.ByteArrayHttpMessageConverter" />
				<bean
					class="org.springframework.http.converter.StringHttpMessageConverter">
					<property name="supportedMediaTypes">
						<list>
							<value>text/plain;charset=UTF-8</value>
						</list>
					</property>
				</bean>
				<bean
					class="org.springframework.http.converter.ResourceHttpMessageConverter" />
				<bean
					class="org.springframework.http.converter.xml.SourceHttpMessageConverter" />
				<bean
					class="org.springframework.http.converter.xml.XmlAwareFormHttpMessageConverter" />
				<bean
					class="org.springframework.http.converter.xml.Jaxb2RootElementHttpMessageConverter" />
			</list>
		</property>
	</bean>
	
	
	<mvc:annotation-driven />
	<bean
		class="org.springframework.web.servlet.view.InternalResourceViewResolver">
		<property name="prefix" value="/WEB-INF/jsp/" />
		<property name="suffix" value=".jsp" />
	</bean>
	
	<mvc:interceptors>
		<mvc:interceptor>
			<mvc:mapping path="/stu/*"/>
			<bean class="com.ds.interceptor.RankInterceptor">
				<property name="rank">
					<value>1</value>
				</property>
			</bean>
		</mvc:interceptor>
				<mvc:interceptor>
			<mvc:mapping path="/teh/*"/>
			<bean class="com.ds.interceptor.RankInterceptor">
				<property name="rank">
					<value>2</value>
				</property>
			</bean>
		</mvc:interceptor>
				<mvc:interceptor>
			<mvc:mapping path="/adm/*"/>
			<bean class="com.ds.interceptor.RankInterceptor">
				<property name="rank">
					<value>3</value>
				</property>
			</bean>
		</mvc:interceptor>
	</mvc:interceptors>

</beans>